L,a,b
52.7304,90.2444,-65.594
26.5547,43.2392,38.8222
76.685,-71.808,74.5407
27.2971,54.6493,-27.1302
54.8205,-50.1332,26.4551
59.5618,-53.1791,61.008
13.1475,30.4112,20.4642
89.2143,-57.5598,85.7391
78.9587,-41.3043,77.9376
53.3903,81.4646,26.0491
32.0172,-5.0712,-28.595
20.99,-30.154,26.4228
81.9727,-3.0141,82.8523
46.1052,84.1696,-73.2497
49.4026,-49.1125,32.2958
26.0007,67.7121,-90.3501
59.5826,-44.2906,61.4459
21.9667,32.4787,32.5139
71.6104,11.5472,75.1355
50.5729,85.3525,-50.9005
52.5635,91.3219,-72.6222
58.347,9.4676,63.7351
49.3361,47.93,59.7385
13.6387,40.0758,-59.1113
66.6678,-22.5557,68.6136
3.9437,0.715,5.9199
61.0467,-45.0622,7.9117
53.4927,83.2917,-1.7592
47.8365,83.7679,-60.6316
26.5035,66.6771,-92.4427
47.5647,23.9324,-70.8415
84.7117,-65.5415,81.561
62.108,-49.1464,14.9543
38.9526,46.5483,-85.5233
45.8812,-22.4164,-16.2095
84.4338,-47.7882,-8.9379
41.5039,-0.9169,-40.2541
68.9906,-62.2374,68.5115
65.2676,-57.3156,65.6093
29.5525,72.5989,-100.0133
11.1217,11.975,-31.9575
31.0204,54.6836,31.6777
68.5318,-6.8615,71.193
74.0411,-73.6391,72.2482
21.6067,47.156,-21.2298
2.2253,14.1554,-24.6514
32.7842,57.0062,24.6478
47.2089,13.0795,54.5843
50.1505,76.8736,46.6768
25.0805,45.0376,-72.9585
32.4019,74.8558,-94.0268
29.2481,66.6048,-75.993
87.1283,-85.5298,81.9281
39.2821,67.2398,-12.7298
47.0808,-45.672,26.2662
36.5422,-33.6718,42.5757
13.1657,-16.3706,19.0605
7.2525,28.2525,-6.3851
23.4127,52.6609,-42.6275
18.9851,56.3892,-75.2199
3.5849,14.7975,5.6413
21.5012,59.8788,-78.8904
84.0941,-76.3228,80.5528
19.8776,51.7689,-56.2221
12.981,36.0,-13.6371
23.8463,54.9314,-51.4493
40.378,65.5754,37.6607
20.1877,59.0248,-79.904
28.0856,70.8921,-97.3121
88.2043,-76.1301,45.2793
65.2676,-57.3156,65.6093
44.4494,71.5757,11.2533
85.8955,-76.0711,48.9767
66.6661,-63.7816,66.4946
44.8339,-50.3694,47.9067
84.7014,-70.4378,35.4561
31.8961,78.1104,-105.7222
28.4331,71.2083,-97.8796
83.056,-62.267,80.3244
69.484,-64.1045,68.8423
53.2651,80.4861,49.1395
60.5266,10.3216,65.6481
3.4715,15.5023,-30.9111
65.6347,-31.3569,-18.7958
62.3314,-42.8216,2.4949
26.1117,48.885,31.8034
47.8887,70.2682,61.4584
4.9895,27.3124,-30.5396
29.5982,-31.5423,15.1789
19.2366,56.0273,-77.2563
54.5923,-52.8959,34.5143
86.5038,-42.8318,84.2257
35.4216,-23.9291,42.1207
18.3284,40.4332,10.2105
68.8393,-69.5445,63.43
2.8223,4.9779,4.3187
39.3704,-7.9091,-30.4884
77.2363,-70.0441,75.0799
47.8372,86.21,-73.7586
66.5626,-3.6057,69.7463
67.9747,-64.8367,67.5452
63.6006,-65.2825,59.6633
56.8835,-60.4322,57.8295
33.4743,10.8705,42.7752
61.4193,-59.163,62.2991
30.3668,73.6443,-96.3229
33.2145,-30.8879,39.9103
65.7478,-20.7559,-33.5462
71.1365,-39.7443,-10.5089
29.1217,29.0014,40.354
49.8954,0.8133,55.9265
32.0867,-1.4901,-32.8345
45.3804,85.684,-84.0869
61.5123,1.4009,65.8178
17.7714,-8.146,25.3146
81.8931,-76.2081,57.0964
17.9464,40.8952,-3.438
41.9373,70.3629,-12.2218
38.9936,-37.7004,17.476
90.1141,-10.6276,89.2343
47.8303,2.1453,-48.2463
80.7382,4.5462,82.3462
114.0358,-33.6643,25.4118
12.018,38.7876,-56.6383
74.002,-73.6927,66.9027
24.3507,63.8531,-83.0821
54.5197,76.4001,67.6661
80.0894,-8.4658,80.882
51.8611,81.4471,-3.1348
65.3285,-30.8729,-19.261
60.6725,-8.8129,-44.8039
5.177,28.1214,-31.6866
30.3904,35.4342,42.2083
86.8513,-68.6389,28.2858
36.5692,14.1623,45.6678
5.082,25.7544,-22.2189
33.411,60.9654,-19.6995
51.322,58.1356,62.598
50.8352,-54.618,53.6298
27.9986,71.8619,-98.0325
20.4087,45.4692,-19.1089
10.651,39.0189,-55.6509
34.3855,-41.5483,38.8394
73.5948,11.9327,76.8469
9.1863,-15.0541,5.2794
67.9684,-23.6684,69.6478
15.2826,-6.9229,-14.1591
69.2891,-45.9107,69.5399
41.8504,-35.9528,10.1466
57.8393,-18.7505,61.3702
32.3991,13.7787,-49.4832
68.7562,-32.1404,-20.1219
17.5722,54.6863,-73.9133
15.4296,49.2307,-63.0991
45.4413,-6.7135,51.6304
40.1446,81.2547,-88.9407
85.2687,-84.0102,80.5665
83.0731,-56.8754,80.601
40.5151,-2.5657,47.7355
19.2467,-20.2259,2.8814
73.5636,-62.2106,30.4445
82.6202,-63.5202,22.0067
76.5103,-76.3349,71.5555
44.0927,71.5922,4.3929
31.2164,15.2572,41.2003
34.4173,61.6441,-14.8543
50.4992,72.9126,63.936
40.3137,67.7089,-4.1077
71.8005,-14.9149,73.4337
47.3606,75.1648,9.4887
63.8519,-62.0732,46.2613
68.5224,12.8641,72.6212
33.8354,31.1329,-67.4204
39.5319,44.3492,-84.0011
30.1777,70.0429,-85.0367
37.1299,48.3751,-85.6972
30.7213,-28.0139,6.1349
47.0561,73.0429,54.9083
88.023,-33.4004,86.0419
59.304,5.3359,64.2335
33.8508,75.3856,-91.0018
12.6687,-5.5335,-14.0054
87.9029,-84.0048,72.5197
85.1621,-78.9039,81.3353
41.9893,75.1281,-49.3119
80.8638,-35.9706,79.8416
46.7362,60.8333,59.1966
33.9862,-31.9837,10.6976
73.7295,-47.7061,73.1905
82.573,-46.0683,-10.1205
51.686,-48.2602,26.1853
44.5641,83.4722,-78.106
84.6045,-71.9842,81.1738
26.3584,-31.098,18.8327
28.9512,71.9994,-95.2589
51.3884,-35.1017,-0.9134
52.0456,-36.0022,0.0474
83.0739,-44.4741,-13.0774
58.3614,35.8363,66.0254
87.166,-85.0385,79.3648
85.1283,-51.0036,-4.2255
30.1303,62.1897,-52.7548
75.2598,-50.9153,4.7665
20.781,24.4347,-51.1153
22.2862,44.7558,18.9018
21.1903,58.79,-76.379
58.6473,-60.7378,53.7663
88.6469,-46.0673,-15.2336
73.8993,-34.4855,74.0391
64.5723,-60.1214,64.9001
46.8779,34.8568,56.2795
42.957,68.5431,40.5235
32.1993,76.908,-101.2325
31.868,78.4841,-106.9021
45.0888,71.3346,32.2027
16.5441,38.293,10.4366
15.216,27.6696,23.2989
44.0937,76.9374,-45.2313
55.6358,56.9815,66.0146
20.0864,41.7835,29.4876
49.9478,78.5654,4.8532
40.911,66.0084,45.4307
54.7219,-24.4387,-20.2058
27.7727,62.636,-66.4773
80.3156,-79.2889,73.5994
46.3776,73.5008,17.9739
49.8845,15.1922,-63.7066
49.2233,80.0248,-21.8828
63.411,23.7136,69.183
51.1009,-55.5713,52.907
58.1837,-57.5426,42.5492
58.318,-60.3835,53.1501
29.6153,74.7044,-101.617
21.3307,60.6118,-81.5993
32.7993,60.3519,-20.6967
41.5744,-39.1029,17.4194
60.8576,52.594,69.8479
29.2336,-22.1254,-3.0385
0.7146,5.0219,-13.6394
39.3164,71.9828,-48.9767
49.1041,10.4607,-58.1895
61.826,-24.4253,64.4061
39.0547,81.1948,-93.0435
17.9848,43.0492,-22.4069
19.6458,55.4771,-70.3992
42.8491,74.7331,-40.1288
1.4879,-0.2146,-4.2391
34.6386,-18.2128,41.7731
53.2912,84.5658,-18.8808
55.5057,-20.7688,-25.868
42.6547,73.0999,-29.5681
68.3168,38.9481,74.703
31.6533,38.8227,-72.7751
77.3879,-42.2426,76.5612
47.7553,86.2585,-74.4617
55.0914,65.7529,66.6591
74.4583,-72.1993,59.3263
44.6111,74.4901,-21.4939
43.235,-21.9068,-14.8697
70.1723,-65.766,45.8553
67.2345,-59.2589,31.9712
16.8473,26.4937,-49.9229
72.5338,-58.1762,22.2922
46.4393,72.3555,52.9627
42.9767,82.1952,-80.2012
41.8592,68.2375,15.5285
70.5953,-32.3084,71.3691
50.6449,89.7696,-75.8271
28.0693,68.8883,-88.0183
88.6132,-71.2634,32.1574
84.0228,-78.7449,61.4751
75.1016,-64.2732,33.4731
55.5224,87.9572,-25.893
47.8632,41.2168,57.768
57.5523,-47.8765,17.5098
41.2379,69.172,-8.3256
22.3729,47.9943,-73.2368
86.0523,-80.04,82.032
32.3326,77.509,-102.7126
45.483,-12.4874,-29.2533
78.4908,-22.4174,78.6306
51.9909,86.6592,-48.5557
30.5901,75.403,-101.108
54.9364,87.8972,-31.5271
24.6279,63.9792,-88.5652
65.4733,-58.6101,65.7234
69.6593,-67.8775,54.2861
38.349,64.4701,8.2054
30.7683,-32.0775,14.9004
43.9392,73.6757,-21.3617
41.8723,-16.6371,-21.1675
48.8378,-4.4338,-41.4633
44.6704,75.529,-29.908
50.9225,-53.1484,42.8607
72.4055,-60.4856,71.4572
31.5114,76.1014,-100.6882
19.2308,35.2551,29.1733
71.9187,-32.2775,-22.4128
47.9187,32.2426,56.8933
45.0854,76.8543,-36.4445
38.2667,19.7929,47.5918
71.8482,-62.1444,70.9135
72.9666,-73.8732,71.1308
15.6042,35.6348,24.227
23.8526,38.8242,-66.5267
28.5519,26.2435,-58.783
47.0835,12.6143,54.4405
40.1262,-34.0199,45.5734
44.7626,78.5521,-50.62
78.5508,1.4409,80.2664
45.036,-23.1238,-14.5221
51.9565,-45.0847,54.9939
51.7992,65.8894,63.9937
48.8042,75.8241,30.2384
50.8472,84.1169,-39.9827
54.4861,84.9876,-8.0029
41.2373,66.2188,54.8114
58.6002,5.516,-59.7102
66.8816,6.2415,70.7245
28.5119,71.8434,-96.0038
34.871,6.2151,43.5897
22.8066,26.4883,33.1508
32.9063,-36.7502,39.3821
59.5936,-62.4503,60.6292
31.6327,76.8895,-102.7621
35.9353,-15.4746,43.0284
83.5379,-22.4571,82.9018
53.5685,81.3096,34.7225
50.5304,49.6434,60.9264
5.0982,31.9448,-45.3569
45.0795,82.7945,-72.1145
81.5714,-45.1828,79.935
70.3855,-40.8001,70.7288
50.8079,77.3588,59.8386
34.689,66.4214,-47.6006
7.1363,36.6151,-48.1346
29.4288,-24.7474,37.0252
73.2799,-62.024,72.1208
64.834,-39.1279,-6.1068
42.1707,26.5958,-69.4284
51.5936,80.7426,1.9228
46.6568,85.4067,-76.3004
45.5579,79.9235,-53.4031
56.4088,54.9079,66.4111
59.8544,-58.9768,43.9839
49.8449,66.387,62.4764
19.4535,44.7263,-22.0475
30.7281,-13.5965,38.7334
6.7553,34.7659,-48.7897
25.5754,50.5511,-78.1138
64.392,-39.1124,65.7614
86.4452,-51.2938,-4.9099
13.7382,-22.3802,14.2678
49.8761,17.3969,-65.9676
21.5385,50.2778,-41.236
36.4493,61.0496,33.5433
62.4396,-62.972,62.9892
74.2308,-13.781,16.9599
61.8139,-52.5071,22.7378
33.2785,20.7413,-57.0729
12.0112,-21.1375,13.2781
31.5382,53.9707,45.309
27.1125,2.0405,-33.2438
63.1231,18.6404,68.5124
43.4232,-35.5272,7.6008
27.7764,52.6278,-3.1085
28.11,51.4186,25.8177
24.8672,53.5334,-38.2736
39.285,-22.2876,-11.1723
12.3333,33.58,4.7547
45.536,-32.2442,50.2177
38.1147,65.1565,-5.0586
39.341,13.5602,-54.336
27.1969,67.9774,-87.7351
54.6905,86.9867,-26.0718
20.8211,-13.2705,-9.7425
71.8777,-20.2521,-38.7409
46.6226,16.5896,-62.7627
46.485,15.7948,-61.8478
54.1875,-58.0222,54.8148
42.1022,-41.921,23.7952
32.0122,-22.9953,-4.0283
67.0821,-65.4216,51.1129
53.3594,10.6474,-61.4657
82.7848,-81.8549,78.1092
33.9594,61.7336,-20.7251
76.1449,-56.2272,14.0463
83.7042,-65.3224,80.7245
29.4288,-24.7474,37.0252
52.2697,87.6043,-52.6983
64.2813,48.3377,72.2508
37.5377,77.0412,-83.0568
18.8035,41.6955,-0.6368
37.6941,73.3028,-65.9326
3.1339,20.3881,-31.4245
85.9125,-53.3201,-0.9744
43.4088,68.7656,54.7086
77.5611,-41.0944,76.7691
23.393,-9.7661,-16.474
14.4104,43.85,-62.9398
88.0817,-77.6256,49.7962
80.7508,-34.1255,-26.6612
48.1166,29.3811,56.7835
48.8753,83.9081,-54.2914
43.1905,77.9703,-57.9248
16.5124,53.0949,-71.9814
21.693,43.8922,23.4964
43.2996,74.4214,-33.9691
67.0802,-10.2814,69.7345
25.0607,56.3727,-51.9289
24.36,-20.7034,-1.0958
41.4616,67.8308,14.284
81.0888,-78.6966,77.9331
34.6858,21.5807,-58.9444
36.7726,73.1184,-69.8269
76.7036,-65.7042,74.8272
27.7488,60.1017,-55.5102
82.727,-73.3524,79.5375
29.8169,63.2139,-59.3976
32.3569,77.3336,-102.1031
15.5448,24.984,-47.528
66.7776,25.9309,72.2205
37.4588,-32.9479,8.8117
29.4206,5.0481,13.2989
68.9946,-50.7406,69.0517
79.9878,-74.9094,56.6309
50.8647,-44.9025,19.0343
85.9053,-43.2883,-17.2593
35.748,9.1036,-47.0853
91.4656,-27.717,89.2923
62.985,-17.824,65.7837
36.2508,55.3624,-91.1281
48.719,76.2396,19.0332
31.9584,11.2337,-46.5539
28.9206,52.8955,13.6253
19.8037,58.4937,-79.3388
30.041,48.1722,43.1223
85.8799,-75.636,82.0802
67.5661,35.6473,73.7595
59.7598,-60.1731,48.5447
78.5578,-39.261,77.7104
52.6793,80.5019,28.6282
73.4185,1.7789,75.9394
63.4338,-48.7195,64.471
54.488,84.6912,-4.3991
21.2056,40.7195,-66.0161
21.9677,-10.5377,30.2513
32.4454,-36.0375,22.9001
44.8861,-44.9651,27.8276
66.7696,-19.9939,-4.0462
76.8007,-68.4102,42.0567
70.1279,-17.1044,-41.4703
39.5352,71.69,-45.6105
30.7556,-37.6226,37.5424
87.8813,-20.2274,86.7194
40.3473,-45.2922,45.2461
90.8341,-17.7634,89.3775
35.1627,59.2808,43.7718
82.5282,-66.4338,79.6845
6.5965,30.8818,-30.04
5.5344,23.8001,2.8166
30.9674,-13.6093,-17.0346
55.4673,-53.3537,57.565
32.8775,18.6654,-54.7329
51.8879,90.2428,-70.9426
85.7342,-78.0663,55.5123
26.872,63.3274,-72.8262
67.4843,-69.1767,66.0115
20.3324,56.3436,-71.09
49.8065,76.5901,42.3155
49.7461,71.7063,63.1558
89.6146,-28.2383,87.6941
36.9126,-18.5229,-14.78
19.9472,49.8549,-47.7851
51.843,78.2765,65.8157
51.0476,-27.3484,-13.0718
82.2412,-77.5783,78.9458
64.0714,-10.1248,67.1947
89.0292,-64.0296,85.2638
83.5746,-67.9804,30.9653
84.9971,-63.1853,18.5786
30.6334,68.8208,-78.9823
57.9225,92.6097,-41.0854
71.3518,-41.0839,-8.5499
43.1787,68.474,56.0683
70.2104,2.572,73.2768
61.5805,-35.7944,-8.7066
87.9798,-46.9062,85.2514
72.4527,2.482,75.1714
47.6461,60.8169,59.9349
37.8926,7.2063,-46.6221
22.6698,-0.0189,31.5099
70.4113,-68.3923,69.4326
40.5057,42.3185,51.764
50.354,76.7739,63.0358
22.5357,61.2397,-80.1596
55.6044,-58.3764,52.0824
27.5912,68.1422,-87.0674
27.5741,50.9393,-80.12
54.6141,89.8523,-49.3953
12.9772,33.7329,16.2497
32.9449,58.1248,6.3678
32.9797,62.8972,-38.1081
50.3552,77.7524,28.2418
21.3661,43.3785,27.5284
58.0357,-60.0014,59.4288
23.1172,23.1207,-51.6862
86.2888,-48.9054,83.7184
34.2097,62.0572,-20.9551
15.8088,47.0044,-54.1034
21.0069,-26.3601,28.6076
41.4441,67.4534,21.2715
40.293,-35.8139,45.6275
19.6595,47.6307,-38.487
18.0181,15.5683,26.5466
31.8275,77.7086,-104.7047
57.4614,5.4077,-58.7723
1.8733,8.7032,0.5015
56.2468,66.6168,67.7158
28.9188,29.5285,40.1926
91.8391,-16.2283,90.3279
28.6238,69.3084,-87.6653
38.6163,67.9967,-26.9605
116.2614,-2.1835,18.3812
14.9489,50.2746,-67.7234
45.0147,16.3822,-61.3746
90.5883,-26.7188,88.6102
30.0519,54.5277,8.5822
42.1842,68.1191,26.1542
44.0144,11.981,51.7903
29.083,38.9714,41.2073
45.1032,71.3734,31.6128
76.1494,-72.2835,55.6816
53.2894,-1.9836,58.606
47.3989,66.5774,60.5289
26.374,49.5968,19.3526
37.1132,75.3583,-77.9992
40.0281,66.9577,1.1773
11.2793,41.0315,-57.8716
38.7633,-23.5093,-8.8971
51.1865,83.84,-34.7328
40.0261,72.3214,-45.9989
23.6312,17.2437,-46.4495
51.5613,83.6421,-29.4024
22.809,-29.5895,30.4835
65.9282,33.0242,72.1359
19.8853,-27.9037,20.8154
6.1586,27.8788,-18.9331
44.0546,-32.8501,1.9486
84.3273,-71.4382,80.9658
62.5121,46.7636,70.6055
75.1942,-44.9772,74.5659
78.5913,-76.4154,75.9392
33.0667,68.2204,-65.9936
62.1458,-56.9984,33.6944
40.483,-40.6985,45.5611
13.0969,36.2916,-14.9011
19.7085,44.0367,-14.0402
8.1776,14.2172,-31.8774
41.7442,-46.3672,38.9834
49.9752,-28.7457,54.1467
32.4007,77.5098,-106.5727
21.8595,27.0636,-54.3782
33.8137,72.839,-81.8145
88.3789,-80.4179,83.9648
22.1128,60.9995,-83.8911
75.9184,12.2197,78.8381
65.5885,-49.907,12.6817
73.8205,3.5338,76.4074
32.2206,78.405,-105.7379
64.4533,-58.0671,64.8919
60.7877,-30.8057,63.1657
5.4227,-8.9035,2.9835
86.453,-28.1174,85.0254
73.5798,-62.0201,29.9518
64.7728,44.8103,72.2999
64.2033,-66.5589,63.9302
49.1161,75.2134,63.1832
27.2023,64.326,-75.2698
53.8102,-48.4336,56.396
86.4564,-47.7949,-10.6611
60.9002,-42.776,3.783
26.5816,-14.9654,34.9189
47.949,84.7825,-65.606
22.7721,51.1777,-38.5285
26.3729,55.9405,-42.1615
55.6248,69.9794,67.6548
49.3478,75.6674,58.5746
42.7019,72.9238,-27.6613
36.0517,68.0168,-47.7681
29.6416,73.0151,-100.4347
75.5873,3.0917,77.8731
63.2544,-65.2218,60.4569
15.4005,43.9739,-43.6351
59.8091,-60.5017,60.8922
17.7711,13.4159,26.1289
16.634,14.3328,24.6647
54.384,16.8542,-68.702
78.3159,-74.7972,59.9997
1.5686,-3.2045,2.2905
22.6144,55.0781,-57.9181
59.6476,-5.376,63.7626
46.9094,-30.9181,-3.9829
24.0046,-9.2652,32.5521
45.7569,85.2083,-80.0714
17.7693,37.4402,27.3346
53.0841,-53.5572,39.5224
59.4056,0.8537,-55.1138
45.6793,5.8739,-1.6372
36.9293,35.6313,-73.9911
30.1008,29.3372,-62.8693
45.7998,-43.0434,21.299
42.6211,67.4079,56.8341
7.1992,34.4044,-40.4157
69.6325,-27.3861,-27.5469
89.9416,-62.3101,86.1154
22.5524,-31.8161,29.3174
51.7736,89.7348,-68.8807
53.0167,-31.7448,56.5531
28.7183,6.2695,38.2128
55.2658,85.5232,-3.1634
63.2229,-48.6285,12.655
33.0355,64.1519,-45.4486
25.9522,49.179,17.3713
31.3418,77.3813,-105.5298
46.6194,72.8465,41.4296
20.427,42.3323,25.2635
47.0353,-33.5222,0.3433
27.2403,-35.5009,32.5896
52.0365,78.7558,62.4314
22.6098,54.6249,-56.0441
62.5787,-44.0933,63.9783
26.5887,-33.9135,34.1008
42.2098,3.9467,-46.1993
45.9971,-49.849,42.1263
27.2408,66.9115,-84.1255
78.723,-29.3688,78.4106
15.0267,39.3811,-21.0158
19.848,35.3329,-60.2025
76.8502,-64.4971,75.0052
52.7857,9.5194,59.0263
33.9154,-24.1873,-3.7289
59.2529,-58.9483,60.4931
0.5779,3.3196,-5.0156
78.1087,-77.4619,71.8636
80.854,-42.8607,-13.7501
73.9462,-74.4189,70.5575
66.9027,-68.0423,66.5102
28.1998,51.6618,21.9976
14.3089,43.5597,-46.7991
38.6941,65.0577,5.5097
57.761,-30.7727,60.6109
38.2056,71.2237,-52.0222
49.6106,76.3836,41.4766
81.7524,-64.3274,79.131
52.3581,41.6469,61.5714
51.6213,80.1937,10.5337
69.7891,-70.8171,68.8088
18.2132,54.704,-72.2067
38.497,5.2439,46.589
19.3663,56.5262,-74.5736
29.3614,-6.2612,-25.2427
15.9826,50.6486,-65.971
89.7796,-14.067,88.7234
31.1354,-5.465,-27.4872
37.579,-6.5968,44.9745
84.9628,-83.6914,79.9922
33.8865,50.8867,47.2332
28.5402,3.0401,-35.3724
51.5708,-19.1749,-25.0512
41.821,65.3645,55.8868
57.6506,94.0859,-54.0429
22.8098,58.9649,-71.8082
20.25,-29.1006,27.6667
91.5964,-17.4805,90.0415
10.137,9.3866,-28.6785
43.4364,-48.9762,45.6445
23.2482,54.3556,-51.8215
34.0488,-26.9458,0.8543
17.001,12.523,25.0784
43.7149,74.0015,-26.6158
28.4788,46.9722,-77.438
47.9789,4.8144,54.5942
11.6392,42.6255,-53.2929
21.8184,61.1756,-81.9783
53.9394,-24.788,-19.1031
32.4244,9.016,-44.5838
23.5592,54.0458,-48.7675
50.107,85.2877,-53.9806
66.9725,-61.1434,66.8676
62.5034,-61.3183,46.5054
79.2752,-53.8758,77.5519
57.0727,-37.9877,59.6479
18.9227,30.8028,-55.4435
19.718,56.0788,-72.1303
48.3155,-43.6325,52.0027
41.4829,35.5629,51.833
61.1943,3.4044,65.6935
39.2265,80.8454,-91.0552
37.0865,64.7165,-13.7366
49.4535,75.956,50.5047
80.8889,-56.5113,9.6505
22.9561,59.3906,-72.7809
29.6981,62.2227,-55.3199
72.9589,23.6089,77.25
37.1601,63.6233,-0.1333
49.1318,75.4064,59.0029
29.3617,53.7262,8.1932
32.2789,56.6857,17.9949
70.9217,-63.9621,70.0543
39.9521,-40.0938,22.1743
20.7724,-18.0381,28.6076
31.1674,57.7779,-14.9366
56.1807,88.1975,-20.7143
13.9324,35.8976,-1.0359
72.7048,-73.0785,71.1535
87.8019,-85.5699,83.2612
70.1478,-70.449,63.635
73.4804,-34.8346,73.6657
9.2984,40.6263,-53.9351
41.1492,60.3197,54.6058
43.5447,30.3334,53.0292
1.7435,-2.42,2.5669
36.441,67.0049,-38.5705
6.0322,14.0907,-30.3931
63.171,-30.8884,-17.526
82.1735,-81.1562,76.6648
27.5221,-1.0549,-30.0543
49.3369,-22.2151,-19.1787
22.8154,62.9044,-84.4896
85.1405,-82.1263,81.1792
47.6992,-18.4129,52.8083
92.219,-46.3995,88.8576
18.994,56.7985,-76.4334
93.2892,-29.2918,90.7409
77.976,-33.8731,77.5192
24.7802,66.3248,-89.4757
27.4039,58.3177,-48.6332
5.2996,-10.0651,7.7525
71.8555,-0.1644,74.4752
44.5044,70.4119,39.1495
65.2887,-51.3318,65.9057
20.0007,48.4109,-40.5446
52.6823,87.8091,-50.8674
11.1197,37.5988,-54.8685
3.9013,17.9485,2.4767
64.1789,-62.3788,46.6289
24.4339,35.1515,-63.7355
26.9326,55.5599,-36.1268
61.402,-56.1932,62.4161
10.9691,37.2697,-54.4628
40.3897,67.588,-1.4424
9.7147,37.1194,-53.2549
46.9565,60.2173,59.2934
50.2285,-52.6296,42.5401
76.0775,-53.9995,74.8535
43.0951,73.9111,-31.8844
25.6275,-12.7481,34.0798
18.6163,55.0546,-72.1429
86.2219,-84.6042,81.9797
61.7891,-29.2457,64.0988
30.149,-28.8285,37.4308
59.7135,-58.1205,60.915
92.2531,-33.2664,89.6281
28.0978,24.183,-56.4893
49.808,84.5668,-51.5886
51.8685,78.6228,58.8165
33.795,77.0366,-96.8203
24.1344,45.674,-72.7247
31.5769,77.2474,-103.9942
30.0559,-22.1309,-3.7457
38.6755,74.7822,-67.8077
48.4948,-11.7997,53.8878
11.0143,43.3991,-57.6466
13.8765,39.4754,-29.9091
27.4973,-26.4379,35.2466
41.5014,-44.6146,33.0222
43.8301,-48.7601,43.4418
21.6392,45.1592,-70.2002
85.1625,-70.2073,81.7229
71.9792,-39.8625,72.1235
43.5111,-19.3932,-18.644
40.0775,65.7728,22.4239
79.9474,-51.5566,78.2346
83.728,-51.5291,-2.0711
54.0646,82.6453,18.5639
78.4013,-71.9817,75.9713
21.7199,-24.1643,29.4757
86.4584,-44.4666,-15.903
28.4548,72.4006,-97.8348
12.9378,35.1671,-6.3493
58.749,-54.983,33.5326
22.5835,50.4475,-35.5838
77.0289,-54.8295,75.6136
39.8749,-39.1624,45.1203
80.3697,-51.1937,0.4271
16.3588,52.6264,-70.9927
67.1493,-15.1239,-41.7795
26.0972,65.3249,-82.5064
79.7963,-68.9589,77.2755
57.3998,-59.1151,58.9341
53.5012,85.3967,-24.4699
56.8812,94.804,-64.3129
82.8486,-81.3317,79.2946
78.2932,-41.082,-14.3897
16.9404,-23.0463,23.8499
69.5241,-25.207,-30.4442
32.9108,68.1088,-66.2552
26.2808,58.0819,-53.6326
79.0309,-78.575,74.2936
62.2227,-61.6768,62.8631
53.6155,68.231,65.786
29.9852,75.2063,-102.1339
22.9212,6.7658,32.1358
41.8083,81.3776,-82.1641
91.964,-75.604,83.8809
50.3288,66.6942,62.9106
73.5006,-30.65,-25.9632
34.5396,61.6404,-13.3691
56.5323,-39.1481,1.4111
1.0965,4.968,1.3229
36.2779,-32.5668,42.4062
42.8744,-14.7554,-24.4126
42.0921,80.0458,-74.8277
17.6797,4.7551,25.6553
19.7354,-7.3973,-16.8262
68.5521,-48.2959,6.4934
77.099,-10.5407,78.2087
80.1181,-36.7973,-22.3103
36.9408,65.8901,-25.9651
88.9498,-75.5396,84.6597
40.5264,65.6399,41.8126
40.8311,67.1318,13.3196
43.635,77.4544,-51.903
44.8215,-50.5305,48.7695
63.7783,-63.9139,64.0699
41.8239,-10.515,48.3181
61.8616,-7.7697,65.4779
36.8267,10.6884,-49.5295
15.3244,36.9333,8.5903
5.9407,30.5483,-34.0253
82.3155,-63.1614,21.5872
49.1739,83.0253,-46.2464
37.555,80.0536,-94.443
62.4074,-53.9254,63.363
4.4138,20.4128,-0.0208
21.7045,14.1395,-41.965
74.8505,-71.5372,55.8869
45.4409,76.0059,-26.2281
36.8121,51.1863,-87.9286
30.9781,30.3485,42.3018
14.4906,-9.786,-9.7603
52.5447,59.7065,63.7994
82.5285,-80.8641,74.1228
38.0385,71.6159,-55.2891
33.3578,53.2914,47.0276
32.4463,72.3761,-85.2852
59.3093,-56.8835,38.2059
72.9051,-51.0907,72.3262
21.044,49.1386,-38.1476
48.7971,-43.0476,17.3736
71.38,-21.4564,-36.8114
67.6001,-25.8141,69.2093
77.3879,-42.2426,76.5612
52.8747,-53.1681,55.3999
84.0926,-82.1014,75.0829
22.0747,61.6609,-82.7473
75.423,-52.8576,8.2203
118.2175,-7.6532,61.0909
22.9621,-2.9334,31.702
87.1274,-58.1628,6.538
27.7263,53.1704,-9.9225
73.9537,-20.6059,-39.8166
48.8284,54.224,60.0621
40.7395,66.2189,30.9306
53.2736,85.9685,-31.904
82.1224,-48.6431,80.2178
52.224,81.7885,-1.9519
28.5444,73.0122,-99.4131
18.2119,-27.5672,25.3051
30.4615,58.8058,-30.2909
46.4352,-9.9177,52.2631
46.5737,72.3898,60.1094
72.9654,-22.997,-35.9713
50.2981,-37.2791,53.9756
42.1092,80.3066,-75.9465
37.1597,26.5826,47.2941
47.0805,14.1179,54.5601
40.1431,80.6845,-86.6724
58.3308,-57.3803,59.7885
43.5045,80.1821,-67.8583
53.2532,80.1295,65.7131
70.6684,-18.5095,-40.0846
80.6208,-79.8366,77.4933
8.838,31.31,-15.2665
41.8114,-17.4299,47.8846
27.8029,54.3947,-83.2674
6.9764,33.4309,-37.9813
90.2243,-57.1083,1.6685
43.1954,77.4644,-54.986
75.3297,-74.5902,73.2865
59.9478,-57.8105,39.9273
73.4552,-59.4662,24.0695
30.8577,76.8276,-104.6458
49.0099,86.5026,-68.3959
49.4718,15.0392,-63.2476
53.5596,-16.5883,57.8788
35.2102,68.1653,-54.0101
83.901,-34.8034,82.4753
39.0513,16.5263,-57.1502
85.7015,-62.7856,16.9769
19.471,47.4774,-38.8019
69.5856,-69.4553,68.696
18.279,-26.3906,18.9519
35.4812,73.1598,-76.0924
18.0471,55.6687,-75.5794
21.3955,49.671,-38.8696
39.013,63.9034,39.8615
60.9215,3.6234,-59.2946
51.4883,78.8847,33.5179
20.3818,-17.4903,-2.9458
71.7204,-37.4666,-14.5446
38.2216,-43.1138,43.5593
25.0921,40.1747,-68.7217
31.6508,68.2271,-72.5373
43.3982,77.9424,-56.4082
85.4195,-73.7873,43.2116
49.0837,22.3866,56.9581
86.3442,-63.0643,16.8433
47.0027,78.1969,-29.1047
63.9514,-48.4314,11.4756
45.1737,-37.8138,49.6364
7.8943,32.9161,-30.7501
19.1165,57.1399,-78.0657
21.0612,13.0856,-40.4418
50.7286,77.4693,50.075
46.3415,84.4687,-73.4232
84.2153,-4.433,84.6549
67.3296,-29.6773,68.7576
5.0505,30.4722,-41.2227
3.1111,4.0779,-17.1637
31.7373,53.3963,45.4453
29.4474,33.4827,41.0794
77.6364,-75.6822,75.171
26.9891,-7.6494,35.6927
17.8776,12.2513,26.2173
50.7216,60.611,62.4192
35.9563,60.4002,35.8582
80.6826,-66.4644,31.1702
64.6027,-45.2182,4.6658
27.2066,29.5343,38.3944
4.0024,21.9104,-21.7264
63.9064,-29.7949,-10.1929
36.194,15.8305,45.4925
76.6584,-70.1584,47.5385
27.4211,53.6989,-18.4024
50.1391,-54.1035,53.0689
8.2808,28.7386,4.2929
50.824,-3.9266,-43.4837
37.9392,64.3704,2.3886
84.2666,-49.4738,-6.0232
77.7743,-60.9393,22.104
35.4324,50.995,48.637
78.0333,-57.9085,76.3091
66.5473,-58.6769,66.6216
72.9184,-61.7159,30.11
60.1346,-35.7913,-7.4792
35.3655,-39.0818,26.9496
44.7934,72.8067,-0.7813
20.9598,53.6645,-76.8043
26.6606,-14.8092,-12.0933
75.9439,-33.8442,-23.3106
29.36,66.8274,-76.3982
37.3663,72.8085,-65.3044
85.4047,-69.9978,33.3922
49.373,-50.8124,52.5682
3.2483,14.6182,4.7232
46.0666,15.6421,-61.3855
72.8918,-43.4907,72.7016
17.678,10.02,25.8635
46.1229,-48.2526,35.8557
76.8516,-67.3872,74.8755
42.1413,67.3306,51.6764
38.4922,75.5222,-72.1985
72.4048,13.1862,75.9359
31.7219,61.8644,-40.8166
34.5074,62.5015,-21.7431
52.8448,-43.3568,13.2623
45.5921,-18.1045,-21.9912
61.455,33.5172,68.4101
86.1684,-79.0191,82.1735
75.1542,22.0472,78.9774
50.8778,63.4903,62.923
35.8772,60.1845,40.7598
57.1805,-52.2233,28.4305
51.835,-49.1802,54.7044
35.5295,-13.0156,-21.2347
82.8833,60.1065,0.9043
40.3742,59.912,53.9242
